id,channel,status,rank,peptide_id,sequence,length,source,tipred,func_score_meaning,toxinpred3,hemopi2,mhcflurry,netmhcipan_min_rank_pct,netmhcipan_min_sb_rank_pct,netmhcipan_has_sb,netmhcipan_n_alleles,plm4cpps,algpred2,bepipred3,aggrescan_a3v,composite_topical,composite_nano,composite_microneedle,composite_injection,assessed_hemo,assessed_mhci,assessed_mhcii
547,top,WIP,1,16541721,VLFLASGQSSYITGQTLHVNGGMYMG,26,legacy_mgy_2022,0.9664219617843628,ranking_only_not_probability,0.125,0.35482037,,4.01,,False,15,8.305516e-05,0.253,0.065262765,-0.27203845977783203,0.707948625087738,0.7079293131828308,0.7079375982284546,0.7079375982284546,True,False,True
548,top,WIP,2,208120,MLVIGFNFGS,10,uniprot_trembl,0.9680909514427185,ranking_only_not_probability,0.295,0.22634718,0.0,,,,,0.000104889376,0.194,0.21209268,-0.4458000063896179,0.7004096508026123,0.7003852725028992,0.7003957033157349,0.7003957033157349,True,True,True
549,top,WIP,3,20561810,LVAWG,5,pdb,0.9664748311042786,ranking_only_not_probability,0.37,0.28920144,0.0,,,,,0.017048568,0.304,0.17345166,-0.5860000252723694,0.6691500544548035,0.6651620864868164,0.666871190071106,0.666871190071106,True,True,True
550,top,WIP,4,12893456,MVLSGAAYARGGGAHGGGGGFY,22,legacy_mgy_2022,0.9677690267562866,ranking_only_not_probability,0.12,0.26427817,,,,,,0.004608859,0.246,0.16857599,-0.39663636684417725,0.6626259684562683,0.6615480184555054,0.6620100140571594,0.6620100140571594,True,False,True
551,top,WIP,5,11813162,MIRTLNLINGSGYGYGSGYGYG,22,legacy_mgy_2022,0.9678528308868408,ranking_only_not_probability,0.135,0.5453745,,,,,,0.2389176,0.248,0.24661855,-0.27590909600257874,0.6385881304740906,0.5826994776725769,0.606651782989502,0.606651782989502,True,False,True
552,top,WIP,6,894515,MVGHLFYYG,9,legacy_uniprot_all_2021,0.9699474573135376,ranking_only_not_probability,0.175,0.4249976,0.0,,,,,0.002008123,0.249,0.21543267,-0.46566668152809143,0.6373540759086609,0.6368845105171204,0.6370857357978821,0.6370857357978821,True,True,True
553,top,WIP,7,20573298,YAGFL,5,pdb,0.9753440618515015,ranking_only_not_probability,0.28,0.33458418,0.0,,,,,0.02305209,0.327,0.18353896,-0.5472000241279602,0.6167099475860596,0.6113176345825195,0.613628625869751,0.613628625869751,True,True,True
554,top,WIP,8,17380239,MFFGLGPAGGFMNPYLYGYP,20,legacy_mgy_2022,0.9668257832527161,ranking_only_not_probability,0.14,0.3841424,,,,,,4.2287334e-06,0.317,0.13217789,-0.4133000075817108,0.6166261434555054,0.6166253089904785,0.6166256666183472,0.6166256666183472,True,False,True
555,top,WIP,9,120049,YGGFL,5,legacy_pdb_2022,0.9765453338623047,ranking_only_not_probability,0.255,0.26660883,0.0,,,,,0.0017982029,0.321,0.20393789,-0.5645999908447266,0.6001911163330078,0.5997706055641174,0.5999508500099182,0.5999508500099182,True,True,True
556,top,WIP,10,20540854,YGGFL,5,pdb,0.9765453338623047,ranking_only_not_probability,0.255,0.26660883,0.0,,,,,0.0017982209,0.321,0.20393789,-0.5645999908447266,0.6001911163330078,0.5997706055641174,0.5999508500099182,0.5999508500099182,True,True,True
