id,channel,rank,peptide_id,sequence,length,source,aip_imfp,aip_specific,other_max,imfp_lg_acp,imfp_lg_adp,imfp_lg_ahp,imfp_lg_amp,aopxsvm,amp_esm,toxinpred3,hemopi2,mhcflurry,netmhcipan_min_rank_pct,netmhcipan_min_sb_rank_pct,netmhcipan_has_sb,netmhcipan_n_alleles,plm4cpps,algpred2,bepipred3,aggrescan_a3v,func_score_meaning,composite_topical,composite_nano,composite_microneedle,composite_injection,assessed_hemo,assessed_mhci,assessed_mhcii
1128,bottom,,11470240,RIRQLPATPDRVILELESDAVTT,23,legacy_mgy_2022,0.8730368614196777,-0.8955223880597014,0.9104477611940298,0.005656156,0.089650266,0.01946246,0.0264516,0.99651027,0.19839211,0.06,0.23791155,,4.95,,False,2,8.500083e-05,0.286,0.20217142,-0.014695651829242706,ranking_only_not_probability,0.0,0.0,0.0,0.0,True,False,True
1126,bottom,,4051201,NGTLPAFSLDTSYARESPLLLTK,23,legacy_mgy_2022,0.8730370402336121,-0.9477611940298507,0.9850746268656716,0.008202292,0.032406945,0.008764777,0.119081855,0.9999985,0.3017069,0.185,0.21362217,,2.85,,False,5,0.039737474,0.363,0.24536192,-0.08417391031980515,ranking_only_not_probability,0.0,0.0,0.0,0.0,True,False,True
1127,bottom,,3882741,QRRDPLTLSRDAHFASLVRSK,21,legacy_mgy_2022,0.8730370402336121,-0.917910447761194,0.9552238805970149,0.016438095,0.07385435,0.026154924,0.062918164,0.99317545,0.5889776,0.175,0.22140001,,1.73,,False,10,0.17663755,0.278,0.26819134,0.10919047892093658,ranking_only_not_probability,0.0,0.0,0.0,0.0,True,False,True
1125,bottom,,18344490,MPEKLTTESASQTQDSVKTELE,22,legacy_mgy_2022,0.8730371594429016,-0.8955223880597015,0.9552238805970149,0.010193916,0.11510458,0.02498941,0.0422191,0.9819023,0.06515118,0.105,0.39418,,,,,,0.00012435454,0.312,0.29514197,0.22618182003498077,ranking_only_not_probability,0.0,0.0,0.0,0.0,True,False,True
1124,bottom,,18875077,RVEGDEEIQGLDNAFHGERGFEIT,24,legacy_mgy_2022,0.8730372786521912,-0.8507462686567164,0.9253731343283582,0.017138561,0.07003025,0.034020297,0.06465251,0.9769031,0.1662108,0.135,0.2221344,,1.52,,False,18,1.0223797e-07,0.414,0.2567591,0.07404166460037231,ranking_only_not_probability,0.0,0.0,0.0,0.0,True,False,True
1122,bottom,,6555182,LLISPKETRAPNLIVVQGGKG,21,legacy_mgy_2022,0.8730374574661255,-0.9029850746268657,1.0,0.0056833173,0.02004437,0.0059654294,0.108916394,0.9999991,0.6936978,0.33,0.19844736,,5.37,,False,4,5.0550643e-06,0.368,0.2703485,-0.16571427881717682,ranking_only_not_probability,0.0,0.0,0.0,0.0,True,False,True
1123,bottom,,10911128,MPRPATGVETNPEYAEKASS,20,legacy_mgy_2022,0.8730374574661255,-0.6044776119402986,0.7014925373134329,0.01000502,0.03737832,0.0139343785,0.100492455,0.97923565,0.015838964,0.135,0.4228805,,3.91,,False,3,0.06684901,0.276,0.27962273,0.0763000026345253,ranking_only_not_probability,0.0,0.0,0.0,0.0,True,False,True
1121,bottom,,12527500,MGVYYPFAKAAERQRLNAERTA,22,legacy_mgy_2022,0.873038113117218,-0.8656716417910447,0.9850746268656716,0.0068206578,0.011269887,0.007136464,0.1254345,0.9211068,0.024834154,0.17,0.41582707,,2.36,,False,7,0.0145689985,0.285,0.25411403,0.023045454174280167,ranking_only_not_probability,0.0,0.0,0.0,0.0,True,False,True
1120,bottom,,18019452,PTVAGGGAASQSVSVDPYDSCKNS,24,legacy_mgy_2022,0.8730384707450867,-0.8432835820895522,1.0,0.00841347,0.018678967,0.008291605,0.14049205,0.98971474,0.25058103,0.34,0.22088385,,4.58,,False,5,0.0002350343,0.516,0.28089693,-0.05954166501760483,ranking_only_not_probability,0.0,0.0,0.0,0.0,True,False,True
1118,bottom,,5491416,MQIANYSSVRNDYGVQALAPTIT,23,legacy_mgy_2022,0.8730384707450867,-0.6940298507462687,0.8507462686567164,0.0143705355,0.061598845,0.025881378,0.080328695,0.6372813,0.008618245,0.09,0.45030907,,3.3,,False,9,0.003416014,0.325,0.2941577,-0.09617391228675842,ranking_only_not_probability,0.0,0.0,0.0,0.0,True,False,True
