id,channel,rank,peptide_id,sequence,length,source,aopxsvm,anoxpepred_frs,anoxpepred_chel,toxinpred3,hemopi2,mhcflurry,netmhcipan_pctrank,plm4cpps,algpred2,bepipred,aggrescan_a3v,composite_topical,composite_nano,composite_microneedle,composite_injection,assessed_hemo,assessed_mhci,assessed_mhcii
156,bottom,,1705626,ALPIFQKLNAEIAQIVAREQKLR,23,legacy_mgy_2022,0.9958372712135315,,,0.19,0.18858667,,,0.00028187194,0.377,,-0.041304346174001694,0.0,0.0,0.0,0.0,True,False,False
157,bottom,,1956496,PAEQTLRDYIQGKILETLHFV,21,legacy_mgy_2022,0.9958372712135315,,,0.18,0.19980472,,,8.2141414e-05,0.356,,-0.06828571110963821,0.0,0.0,0.0,0.0,True,False,False
158,bottom,,1999074,MALISRSEEHTSELQSPPDLVFRLGGVK,28,legacy_mgy_2022,0.9958372712135315,,,0.14,0.38286364,,,0.00025302486,0.061,,-0.05089285597205162,0.0,0.0,0.0,0.0,True,False,False
159,bottom,,2482028,AEIAKVIKPGVTTKELVLKGVTRYGEGS,28,legacy_mgy_2022,0.9958372712135315,,,0.14,0.20172767,,,0.0020503963,0.449,,-0.1108214259147644,0.0,0.0,0.0,0.0,True,False,False
160,bottom,,5447634,GVLVAPANTATNPMAAAINGLPKYV,25,legacy_mgy_2022,0.9958372712135315,,,0.125,0.23116763,,,0.0050102416,0.383,,-0.2725600004196167,0.0,0.0,0.0,0.0,True,False,False
161,bottom,,6701989,LTWSSYSVVSRRLGAVPTHDLVEVLGHL,28,legacy_mgy_2022,0.9958372712135315,,,0.125,0.5377413,,,0.0038815734,0.288,,-0.21721428632736206,0.0,0.0,0.0,0.0,True,False,False
162,bottom,,7077061,AAGVVPPTMDGLKTGRPEEMPAVRRKK,27,legacy_mgy_2022,0.9958372712135315,,,0.155,0.20354766,,,0.008025864,0.232,,-3.703703623614274e-05,0.0,0.0,0.0,0.0,True,False,False
163,bottom,,7703157,GEPVAELTVQREDFDFIHFESPL,23,legacy_mgy_2022,0.9958372712135315,,,0.195,0.27694237,,,7.697693e-07,0.373,,-0.02952173911035061,0.0,0.0,0.0,0.0,True,False,False
164,bottom,,12348354,PFFRAATPAAGRETSRDAREGFTVVTYERR,30,legacy_mgy_2022,0.9958372712135315,,,0.11,0.45269588,,,0.03845322,0.333,,0.04729999974370003,0.0,0.0,0.0,0.0,True,False,False
165,bottom,,13262749,PAPITFVNAIRYSYEIPIILYAPNVE,26,legacy_mgy_2022,0.9958372712135315,,,0.155,0.22403379,,,0.00085823453,0.389,,-0.2719615399837494,0.0,0.0,0.0,0.0,True,False,False
